NSE:ACI-EQ ,20-07-2023 15:10:09
NSE:ICICIINFRA-EQ ,20-07-2023 15:10:09
NSE:KOTAKMID50-EQ ,20-07-2023 15:10:09
NSE:VINEETLAB-EQ ,20-07-2023 15:10:09
NSE:SIGMA-EQ ,20-07-2023 15:10:09
NSE:SUMICHEM-EQ ,20-07-2023 15:10:09
NSE:AMBER-EQ ,20-07-2023 15:10:09
NSE:QUESS-EQ ,20-07-2023 15:10:09
NSE:JUBLINDS-EQ ,20-07-2023 15:10:09
NSE:KECL-EQ ,20-07-2023 15:10:09
NSE:KUANTUM-EQ ,20-07-2023 15:10:09
NSE:UMESLTD-EQ ,20-07-2023 15:10:09
NSE:GLAXO-EQ ,20-07-2023 15:10:09
NSE:HINDOILEXP-EQ ,20-07-2023 15:10:09
NSE:DABUR-EQ ,20-07-2023 15:10:09
NSE:EXIDEIND-EQ ,20-07-2023 15:10:09
