NSE:NIFTYINDIAMFG-EQ ,20-07-2023 15:05:09
NSE:TARSONS-EQ ,20-07-2023 15:05:09
NSE:CHEMPLASTS-EQ ,20-07-2023 15:05:09
NSE:GLAND-EQ ,20-07-2023 15:05:09
NSE:MEDICO-EQ ,20-07-2023 15:05:09
NSE:SHAREINDIA-EQ ,20-07-2023 15:05:09
NSE:CAPACITE-EQ ,20-07-2023 15:05:09
NSE:GPTINFRA-EQ ,20-07-2023 15:05:09
NSE:DLINKINDIA-EQ ,20-07-2023 15:05:09
NSE:SPLIL-EQ ,20-07-2023 15:05:09
NSE:SINDHUTRAD-EQ ,20-07-2023 15:05:09
NSE:HITECHCORP-EQ ,20-07-2023 15:05:09
NSE:MADHAV-EQ ,20-07-2023 15:05:09
NSE:NESTLEIND-EQ ,20-07-2023 15:05:09
NSE:JSWSTEEL-EQ ,20-07-2023 15:05:09
NSE:HEROMOTOCO-EQ ,20-07-2023 15:05:09
